6324,Sabrina,Brooks
9524,Naomi,Howard
0329,Caroline,Brown
8309,Garry,Campbell
0054,Deanna,Smith
8477,Amelia,Cameron
3936,Frederick,Tucker
8467,Caroline,Harrison
3574,Adison,Stewart
8110,Catherine,Ellis
3446,Wilson,Clark
0136,Sabrina,Hill
6805,Fiona,Watson
9506,Arthur,Higgins
2318,Victoria,Myers
9453,Joyce,Tucker
8944,Emily,Bailey
5075,Sawyer,Morgan
0372,Adrian,Hamilton
6013,Preston,Hall
1656,Paul,Russell
9897,Rebecca,Stevens
2503,Grace,Bennett
5624,Vivian,Perry
1766,Brad,Higgins
3876,Amanda,Howard
1890,Adele,Baker
2404,Edwin,Carter
7592,Evelyn,Martin
1363,Justin,Cole
3092,Penelope,Nelson
2080,Maya,Alexander
9296,Jenna,Rogers
9511,Kate,Wilson
8146,Edgar,Rogers
3062,Audrey,Dixon
6266,Jenna,Baker
6059,Vincent,Casey
6770,Natalie,Baker
4291,Jasmine,Robinson
5166,Arianna,Johnston
1963,Emma,Mitchell
1300,Daryl,Wright
8456,Charlie,Barnes
9974,Dexter,Cameron
8059,Lyndon,Farrell
4742,Jordan,Lloyd
9848,Jared,West
2631,Adrianna,Grant
8632,Adrian,Phillips
7939,Albert,Taylor
8795,Adrian,Taylor
0035,James,Mason
5698,Ted,Edwards
1813,Lyndon,Casey
3612,Owen,Foster
8624,Charlie,Martin
4592,Harold,Mason
5156,Eric,West
6418,Lana,Wright
6885,Lucia,Cameron
0375,Clark,Brooks
5607,Clark,Moore
3858,Alissa,Grant
9339,Dexter,Kelley
3588,Briony,Lloyd
6515,Arthur,Fowler
4454,Adam,Parker
9062,Jacob,Hamilton
6728,Eric,Allen
9136,Brianna,Armstrong
6576,Heather,Farrell
5203,Rebecca,Harrison
4108,Kimberly,Carroll
2822,John,Smith
6946,Briony,Smith
7880,Ashton,Brown
5104,Nicholas,Richards
2633,Blake,Bailey
9391,Sienna,Lloyd
5066,Mike,Allen
4811,Freddie,Murphy
6744,Carlos,Allen
9812,Anna,Campbell
7739,Rebecca,Armstrong
1736,Haris,Campbell
3649,Alan,Anderson
8323,Melanie,Cooper
9755,Sam,Spencer
5323,Leonardo,Barnes
2694,Olivia,Casey
8589,Camila,Mason
5519,Alexander,Reed
6208,Jared,Barrett
1443,Tess,Harris
3910,James,Harrison
3472,Dexter,Johnson
7175,Alisa,Fowler
7623,Lana,Barnes
7733,Alexia,Barnes